"id","surah_id","ayah_id","ayah_text"
"1","1","1","بِسۡمِ ٱللَّهِ ٱلرَّحۡمَٰنِ ٱلرَّحِيمِ"
"2","1","2","ٱلۡحَمۡدُ لِلَّهِ رَبِّ ٱلۡعَٰلَمِينَ"
"3","1","3","ٱلرَّحۡمَٰنِ ٱلرَّحِيمِ"
"4","1","4","مَٰلِكِ يَوۡمِ ٱلدِّينِ"
"5","1","5","إِيَّاكَ نَعۡبُدُ وَإِيَّاكَ نَسۡتَعِينُ"
"6","1","6","ٱهۡدِنَا ٱلصِّرَٰطَ ٱلۡمُسۡتَقِيمَ"
"7","1","7","صِرَٰطَ ٱلَّذِينَ أَنۡعَمۡتَ عَلَيۡهِمۡ غَيۡرِ ٱلۡمَغۡضُوبِ عَلَيۡهِمۡ وَلَا ٱلضَّآلِّينَ"
"8","2","0","سُورَةُ البَقَرَةِ"
"9","2","0","بِسۡمِ ٱللَّهِ ٱلرَّحۡمَٰنِ ٱلرَّحِيمِ"
"10","2","1","الٓمٓ"
"11","2","2","ذَٰلِكَ ٱلۡكِتَٰبُ لَا رَيۡبَۛ فِيهِۛ هُدٗى لِّلۡمُتَّقِينَ"
"12","2","3","ٱلَّذِينَ يُؤۡمِنُونَ بِٱلۡغَيۡبِ وَيُقِيمُونَ ٱلصَّلَوٰةَ وَمِمَّا رَزَقۡنَٰهُمۡ يُنفِقُونَ"
"13","2","4","وَٱلَّذِينَ يُؤۡمِنُونَ بِمَآ أُنزِلَ إِلَيۡكَ وَمَآ أُنزِلَ مِن قَبۡلِكَ وَبِٱلۡأٓخِرَةِ هُمۡ يُوقِنُونَ"
"14","2","5","أُوْلَٰٓئِكَ عَلَىٰ هُدٗى مِّن رَّبِّهِمۡۖ وَأُوْلَٰٓئِكَ هُمُ ٱلۡمُفۡلِحُونَ"
"15","2","6","إِنَّ ٱلَّذِينَ كَفَرُواْ سَوَآءٌ عَلَيۡهِمۡ ءَأَنذَرۡتَهُمۡ أَمۡ لَمۡ تُنذِرۡهُمۡ لَا يُؤۡمِنُونَ"
"16","2","7","خَتَمَ ٱللَّهُ عَلَىٰ قُلُوبِهِمۡ وَعَلَىٰ سَمۡعِهِمۡۖ وَعَلَىٰٓ أَبۡصَٰرِهِمۡ غِشَٰوَةٞۖ وَلَهُمۡ عَذَابٌ عَظِيمٞ"
"17","2","8","وَمِنَ ٱلنَّاسِ مَن يَقُولُ ءَامَنَّا بِٱللَّهِ وَبِٱلۡيَوۡمِ ٱلۡأٓخِرِ وَمَا هُم بِمُؤۡمِنِينَ"
"18","2","9","يُخَٰدِعُونَ ٱللَّهَ وَٱلَّذِينَ ءَامَنُواْ وَمَا يَخۡدَعُونَ إِلَّآ أَنفُسَهُمۡ وَمَا يَشۡعُرُونَ"
"19","2","10","فِي قُلُوبِهِم مَّرَضٞ فَزَادَهُمُ ٱللَّهُ مَرَضٗاۖ وَلَهُمۡ عَذَابٌ أَلِيمُۢ بِمَا كَانُواْ يَكۡذِبُونَ"
"20","2","11","وَإِذَا قِيلَ لَهُمۡ لَا تُفۡسِدُواْ فِي ٱلۡأَرۡضِ قَالُوٓاْ إِنَّمَا نَحۡنُ مُصۡلِحُونَ"
"21","2","12","أَلَآ إِنَّهُمۡ هُمُ ٱلۡمُفۡسِدُونَ وَلَٰكِن لَّا يَشۡعُرُونَ"
"22","2","13","وَإِذَا قِيلَ لَهُمۡ ءَامِنُواْ كَمَآ ءَامَنَ ٱلنَّاسُ قَالُوٓاْ أَنُؤۡمِنُ كَمَآ ءَامَنَ ٱلسُّفَهَآءُۗ أَلَآ إِنَّهُمۡ هُمُ ٱلسُّفَهَآءُ وَلَٰكِن لَّا يَعۡلَمُونَ"
"23","2","14","وَإِذَا لَقُواْ ٱلَّذِينَ ءَامَنُواْ قَالُوٓاْ ءَامَنَّا وَإِذَا خَلَوۡاْ إِلَىٰ شَيَٰطِينِهِمۡ قَالُوٓاْ إِنَّا مَعَكُمۡ إِنَّمَا نَحۡنُ مُسۡتَهۡزِءُونَ"
"24","2","15","ٱللَّهُ يَسۡتَهۡزِئُ بِهِمۡ وَيَمُدُّهُمۡ فِي طُغۡيَٰنِهِمۡ يَعۡمَهُونَ"
"25","2","16","أُوْلَٰٓئِكَ ٱلَّذِينَ ٱشۡتَرَوُاْ ٱلضَّلَٰلَةَ بِٱلۡهُدَىٰ فَمَا رَبِحَت تِّجَٰرَتُهُمۡ وَمَا كَانُواْ مُهۡتَدِينَ"
"26","2","17","مَثَلُهُمۡ كَمَثَلِ ٱلَّذِي ٱسۡتَوۡقَدَ نَارٗا فَلَمَّآ أَضَآءَتۡ مَا حَوۡلَهُۥ ذَهَبَ ٱللَّهُ بِنُورِهِمۡ وَتَرَكَهُمۡ فِي ظُلُمَٰتٖ لَّا يُبۡصِرُونَ"
"27","2","18","صُمُّۢ بُكۡمٌ عُمۡيٞ فَهُمۡ لَا يَرۡجِعُونَ"
"28","2","19","أَوۡ كَصَيِّبٖ مِّنَ ٱلسَّمَآءِ فِيهِ ظُلُمَٰتٞ وَرَعۡدٞ وَبَرۡقٞ يَجۡعَلُونَ أَصَٰبِعَهُمۡ فِيٓ ءَاذَانِهِم مِّنَ ٱلصَّوَٰعِقِ حَذَرَ ٱلۡمَوۡتِۚ وَٱللَّهُ مُحِيطُۢ بِٱلۡكَٰفِرِينَ"
"29","2","20","يَكَادُ ٱلۡبَرۡقُ يَخۡطَفُ أَبۡصَٰرَهُمۡۖ كُلَّمَآ أَضَآءَ لَهُم مَّشَوۡاْ فِيهِ وَإِذَآ أَظۡلَمَ عَلَيۡهِمۡ قَامُواْۚ وَلَوۡ شَآءَ ٱللَّهُ لَذَهَبَ بِسَمۡعِهِمۡ وَأَبۡصَٰرِهِمۡۚ إِنَّ ٱللَّهَ عَلَىٰ كُلِّ شَيۡءٖ قَدِيرٞ"
"30","2","21","يَٰٓأَيُّهَا ٱلنَّاسُ ٱعۡبُدُواْ رَبَّكُمُ ٱلَّذِي خَلَقَكُمۡ وَٱلَّذِينَ مِن قَبۡلِكُمۡ لَعَلَّكُمۡ تَتَّقُونَ"
"31","2","22","ٱلَّذِي جَعَلَ لَكُمُ ٱلۡأَرۡضَ فِرَٰشٗا وَٱلسَّمَآءَ بِنَآءٗ وَأَنزَلَ مِنَ ٱلسَّمَآءِ مَآءٗ فَأَخۡرَجَ بِهِۦ مِنَ ٱلثَّمَرَٰتِ رِزۡقٗا لَّكُمۡۖ فَلَا تَجۡعَلُواْ لِلَّهِ أَندَادٗا وَأَنتُمۡ تَعۡلَمُونَ"
"32","2","23","وَإِن كُنتُمۡ فِي رَيۡبٖ مِّمَّا نَزَّلۡنَا عَلَىٰ عَبۡدِنَا فَأۡتُواْ بِسُورَةٖ مِّن مِّثۡلِهِۦ وَٱدۡعُواْ شُهَدَآءَكُم مِّن دُونِ ٱللَّهِ إِن كُنتُمۡ صَٰدِقِينَ"
"33","2","24","فَإِن لَّمۡ تَفۡعَلُواْ وَلَن تَفۡعَلُواْ فَٱتَّقُواْ ٱلنَّارَ ٱلَّتِي وَقُودُهَا ٱلنَّاسُ وَٱلۡحِجَارَةُۖ أُعِدَّتۡ لِلۡكَٰفِرِينَ"
"34","7","121","قَالُوٓاْ ءَامَنَّا بِرَبِّ ٱلۡعَٰلَمِينَ"
"35","2","25","وَبَشِّرِ ٱلَّذِينَ ءَامَنُواْ وَعَمِلُواْ ٱلصَّٰلِحَٰتِ أَنَّ لَهُمۡ جَنَّٰتٖ تَجۡرِي مِن تَحۡتِهَا ٱلۡأَنۡهَٰرُۖ كُلَّمَا رُزِقُواْ مِنۡهَا مِن ثَمَرَةٖ رِّزۡقٗا قَالُواْ هَٰذَا ٱلَّذِي رُزِقۡنَا مِن قَبۡلُۖ وَأُتُواْ بِهِۦ مُتَشَٰبِهٗاۖ وَلَهُمۡ فِيهَآ أَزۡوَٰجٞ مُّطَهَّرَةٞۖ وَهُمۡ فِيهَا خَٰلِدُونَ"
"36","2","26","۞إِنَّ ٱللَّهَ لَا يَسۡتَحۡيِۦٓ أَن يَضۡرِبَ مَثَلٗا مَّا بَعُوضَةٗ فَمَا فَوۡقَهَاۚ فَأَمَّا ٱلَّذِينَ ءَامَنُواْ فَيَعۡلَمُونَ أَنَّهُ ٱلۡحَقُّ مِن رَّبِّهِمۡۖ وَأَمَّا ٱلَّذِينَ كَفَرُواْ فَيَقُولُونَ مَاذَآ أَرَادَ ٱللَّهُ بِهَٰذَا مَثَلٗاۘ يُضِلُّ بِهِۦ كَثِيرٗا وَيَهۡدِي بِهِۦ كَثِيرٗاۚ وَمَا يُضِلُّ بِهِۦٓ إِلَّا ٱلۡفَٰسِقِينَ"
"37","2","27","ٱلَّذِينَ يَنقُضُونَ عَهۡدَ ٱللَّهِ مِنۢ بَعۡدِ مِيثَٰقِهِۦ وَيَقۡطَعُونَ مَآ أَمَرَ ٱللَّهُ بِهِۦٓ أَن يُوصَلَ وَيُفۡسِدُونَ فِي ٱلۡأَرۡضِۚ أُوْلَٰٓئِكَ هُمُ ٱلۡخَٰسِرُونَ"
"38","2","28","كَيۡفَ تَكۡفُرُونَ بِٱللَّهِ وَكُنتُمۡ أَمۡوَٰتٗا فَأَحۡيَٰكُمۡۖ ثُمَّ يُمِيتُكُمۡ ثُمَّ يُحۡيِيكُمۡ ثُمَّ إِلَيۡهِ تُرۡجَعُونَ"
"39","2","29","هُوَ ٱلَّذِي خَلَقَ لَكُم مَّا فِي ٱلۡأَرۡضِ جَمِيعٗا ثُمَّ ٱسۡتَوَىٰٓ إِلَى ٱلسَّمَآءِ فَسَوَّىٰهُنَّ سَبۡعَ سَمَٰوَٰتٖۚ وَهُوَ بِكُلِّ شَيۡءٍ عَلِيمٞ"
"40","2","30","وَإِذۡ قَالَ رَبُّكَ لِلۡمَلَٰٓئِكَةِ إِنِّي جَاعِلٞ فِي ٱلۡأَرۡضِ خَلِيفَةٗۖ قَالُوٓاْ أَتَجۡعَلُ فِيهَا مَن يُفۡسِدُ فِيهَا وَيَسۡفِكُ ٱلدِّمَآءَ وَنَحۡنُ نُسَبِّحُ بِحَمۡدِكَ وَنُقَدِّسُ لَكَۖ قَالَ إِنِّيٓ أَعۡلَمُ مَا لَا تَعۡلَمُونَ"
"41","2","31","وَعَلَّمَ ءَادَمَ ٱلۡأَسۡمَآءَ كُلَّهَا ثُمَّ عَرَضَهُمۡ عَلَى ٱلۡمَلَٰٓئِكَةِ فَقَالَ أَنۢبِـُٔونِي بِأَسۡمَآءِ هَٰٓؤُلَآءِ إِن كُنتُمۡ صَٰدِقِينَ"
"42","2","32","قَالُواْ سُبۡحَٰنَكَ لَا عِلۡمَ لَنَآ إِلَّا مَا عَلَّمۡتَنَآۖ إِنَّكَ أَنتَ ٱلۡعَلِيمُ ٱلۡحَكِيمُ"
"43","2","33","قَالَ يَٰٓـَٔادَمُ أَنۢبِئۡهُم بِأَسۡمَآئِهِمۡۖ فَلَمَّآ أَنۢبَأَهُم بِأَسۡمَآئِهِمۡ قَالَ أَلَمۡ أَقُل لَّكُمۡ إِنِّيٓ أَعۡلَمُ غَيۡبَ ٱلسَّمَٰوَٰتِ وَٱلۡأَرۡضِ وَأَعۡلَمُ مَا تُبۡدُونَ وَمَا كُنتُمۡ تَكۡتُمُونَ"
"44","2","34","وَإِذۡ قُلۡنَا لِلۡمَلَٰٓئِكَةِ ٱسۡجُدُواْ لِأٓدَمَ فَسَجَدُوٓاْ إِلَّآ إِبۡلِيسَ أَبَىٰ وَٱسۡتَكۡبَرَ وَكَانَ مِنَ ٱلۡكَٰفِرِينَ"
"45","7","62","أُبَلِّغُكُمۡ رِسَٰلَٰتِ رَبِّي وَأَنصَحُ لَكُمۡ وَأَعۡلَمُ مِنَ ٱللَّهِ مَا لَا تَعۡلَمُونَ"
"46","2","35","وَقُلۡنَا يَٰٓـَٔادَمُ ٱسۡكُنۡ أَنتَ وَزَوۡجُكَ ٱلۡجَنَّةَ وَكُلَا مِنۡهَا رَغَدًا حَيۡثُ شِئۡتُمَا وَلَا تَقۡرَبَا هَٰذِهِ ٱلشَّجَرَةَ فَتَكُونَا مِنَ ٱلظَّٰلِمِينَ"
"47","2","36","فَأَزَلَّهُمَا ٱلشَّيۡطَٰنُ عَنۡهَا فَأَخۡرَجَهُمَا مِمَّا كَانَا فِيهِۖ وَقُلۡنَا ٱهۡبِطُواْ بَعۡضُكُمۡ لِبَعۡضٍ عَدُوّٞۖ وَلَكُمۡ فِي ٱلۡأَرۡضِ مُسۡتَقَرّٞ وَمَتَٰعٌ إِلَىٰ حِينٖ"
"48","2","37","فَتَلَقَّىٰٓ ءَادَمُ مِن رَّبِّهِۦ كَلِمَٰتٖ فَتَابَ عَلَيۡهِۚ إِنَّهُۥ هُوَ ٱلتَّوَّابُ ٱلرَّحِيمُ"
"49","2","38","قُلۡنَا ٱهۡبِطُواْ مِنۡهَا جَمِيعٗاۖ فَإِمَّا يَأۡتِيَنَّكُم مِّنِّي هُدٗى فَمَن تَبِعَ هُدَايَ فَلَا خَوۡفٌ عَلَيۡهِمۡ وَلَا هُمۡ يَحۡزَنُونَ"
"50","2","39","وَٱلَّذِينَ كَفَرُواْ وَكَذَّبُواْ بِـَٔايَٰتِنَآ أُوْلَٰٓئِكَ أَصۡحَٰبُ ٱلنَّارِۖ هُمۡ فِيهَا خَٰلِدُونَ"
"51","2","40","يَٰبَنِيٓ إِسۡرَٰٓءِيلَ ٱذۡكُرُواْ نِعۡمَتِيَ ٱلَّتِيٓ أَنۡعَمۡتُ عَلَيۡكُمۡ وَأَوۡفُواْ بِعَهۡدِيٓ أُوفِ بِعَهۡدِكُمۡ وَإِيَّٰيَ فَٱرۡهَبُونِ"
"52","2","41","وَءَامِنُواْ بِمَآ أَنزَلۡتُ مُصَدِّقٗا لِّمَا مَعَكُمۡ وَلَا تَكُونُوٓاْ أَوَّلَ كَافِرِۭ بِهِۦۖ وَلَا تَشۡتَرُواْ بِـَٔايَٰتِي ثَمَنٗا قَلِيلٗا وَإِيَّٰيَ فَٱتَّقُونِ"
"53","2","42","وَلَا تَلۡبِسُواْ ٱلۡحَقَّ بِٱلۡبَٰطِلِ وَتَكۡتُمُواْ ٱلۡحَقَّ وَأَنتُمۡ تَعۡلَمُونَ"
"54","2","43","وَأَقِيمُواْ ٱلصَّلَوٰةَ وَءَاتُواْ ٱلزَّكَوٰةَ وَٱرۡكَعُواْ مَعَ ٱلرَّٰكِعِينَ"
"55","2","44","۞أَتَأۡمُرُونَ ٱلنَّاسَ بِٱلۡبِرِّ وَتَنسَوۡنَ أَنفُسَكُمۡ وَأَنتُمۡ تَتۡلُونَ ٱلۡكِتَٰبَۚ أَفَلَا تَعۡقِلُونَ"
"56","2","45","وَٱسۡتَعِينُواْ بِٱلصَّبۡرِ وَٱلصَّلَوٰةِۚ وَإِنَّهَا لَكَبِيرَةٌ إِلَّا عَلَى ٱلۡخَٰشِعِينَ"
"57","2","46","ٱلَّذِينَ يَظُنُّونَ أَنَّهُم مُّلَٰقُواْ رَبِّهِمۡ وَأَنَّهُمۡ إِلَيۡهِ رَٰجِعُونَ"
"58","2","47","يَٰبَنِيٓ إِسۡرَٰٓءِيلَ ٱذۡكُرُواْ نِعۡمَتِيَ ٱلَّتِيٓ أَنۡعَمۡتُ عَلَيۡكُمۡ وَأَنِّي فَضَّلۡتُكُمۡ عَلَى ٱلۡعَٰلَمِينَ"
"59","2","48","وَٱتَّقُواْ يَوۡمٗا لَّا تَجۡزِي نَفۡسٌ عَن نَّفۡسٖ شَيۡـٔٗا وَلَا يُقۡبَلُ مِنۡهَا شَفَٰعَةٞ وَلَا يُؤۡخَذُ مِنۡهَا عَدۡلٞ وَلَا هُمۡ يُنصَرُونَ"
"60","7","122","رَبِّ مُوسَىٰ وَهَٰرُونَ"
"61","2","49","وَإِذۡ نَجَّيۡنَٰكُم مِّنۡ ءَالِ فِرۡعَوۡنَ يَسُومُونَكُمۡ سُوٓءَ ٱلۡعَذَابِ يُذَبِّحُونَ أَبۡنَآءَكُمۡ وَيَسۡتَحۡيُونَ نِسَآءَكُمۡۚ وَفِي ذَٰلِكُم بَلَآءٞ مِّن رَّبِّكُمۡ عَظِيمٞ"
"62","2","50","وَإِذۡ فَرَقۡنَا بِكُمُ ٱلۡبَحۡرَ فَأَنجَيۡنَٰكُمۡ وَأَغۡرَقۡنَآ ءَالَ فِرۡعَوۡنَ وَأَنتُمۡ تَنظُرُونَ"
"63","2","51","وَإِذۡ وَٰعَدۡنَا مُوسَىٰٓ أَرۡبَعِينَ لَيۡلَةٗ ثُمَّ ٱتَّخَذۡتُمُ ٱلۡعِجۡلَ مِنۢ بَعۡدِهِۦ وَأَنتُمۡ ظَٰلِمُونَ"
"64","2","52","ثُمَّ عَفَوۡنَا عَنكُم مِّنۢ بَعۡدِ ذَٰلِكَ لَعَلَّكُمۡ تَشۡكُرُونَ"
"65","2","53","وَإِذۡ ءَاتَيۡنَا مُوسَى ٱلۡكِتَٰبَ وَٱلۡفُرۡقَانَ لَعَلَّكُمۡ تَهۡتَدُونَ"
"66","2","54","وَإِذۡ قَالَ مُوسَىٰ لِقَوۡمِهِۦ يَٰقَوۡمِ إِنَّكُمۡ ظَلَمۡتُمۡ أَنفُسَكُم بِٱتِّخَاذِكُمُ ٱلۡعِجۡلَ فَتُوبُوٓاْ إِلَىٰ بَارِئِكُمۡ فَٱقۡتُلُوٓاْ أَنفُسَكُمۡ ذَٰلِكُمۡ خَيۡرٞ لَّكُمۡ عِندَ بَارِئِكُمۡ فَتَابَ عَلَيۡكُمۡۚ إِنَّهُۥ هُوَ ٱلتَّوَّابُ ٱلرَّحِيمُ"
"67","2","55","وَإِذۡ قُلۡتُمۡ يَٰمُوسَىٰ لَن نُّؤۡمِنَ لَكَ حَتَّىٰ نَرَى ٱللَّهَ جَهۡرَةٗ فَأَخَذَتۡكُمُ ٱلصَّٰعِقَةُ وَأَنتُمۡ تَنظُرُونَ"
"68","2","56","ثُمَّ بَعَثۡنَٰكُم مِّنۢ بَعۡدِ مَوۡتِكُمۡ لَعَلَّكُمۡ تَشۡكُرُونَ"
"69","2","57","وَظَلَّلۡنَا عَلَيۡكُمُ ٱلۡغَمَامَ وَأَنزَلۡنَا عَلَيۡكُمُ ٱلۡمَنَّ وَٱلسَّلۡوَىٰۖ كُلُواْ مِن طَيِّبَٰتِ مَا رَزَقۡنَٰكُمۡۚ وَمَا ظَلَمُونَا وَلَٰكِن كَانُوٓاْ أَنفُسَهُمۡ يَظۡلِمُونَ"
"70","2","58","وَإِذۡ قُلۡنَا ٱدۡخُلُواْ هَٰذِهِ ٱلۡقَرۡيَةَ فَكُلُواْ مِنۡهَا حَيۡثُ شِئۡتُمۡ رَغَدٗا وَٱدۡخُلُواْ ٱلۡبَابَ سُجَّدٗا وَقُولُواْ حِطَّةٞ نَّغۡفِرۡ لَكُمۡ خَطَٰيَٰكُمۡۚ وَسَنَزِيدُ ٱلۡمُحۡسِنِينَ"
"71","2","59","فَبَدَّلَ ٱلَّذِينَ ظَلَمُواْ قَوۡلًا غَيۡرَ ٱلَّذِي قِيلَ لَهُمۡ فَأَنزَلۡنَا عَلَى ٱلَّذِينَ ظَلَمُواْ رِجۡزٗا مِّنَ ٱلسَّمَآءِ بِمَا كَانُواْ يَفۡسُقُونَ"
"72","2","60","۞وَإِذِ ٱسۡتَسۡقَىٰ مُوسَىٰ لِقَوۡمِهِۦ فَقُلۡنَا ٱضۡرِب بِّعَصَاكَ ٱلۡحَجَرَۖ فَٱنفَجَرَتۡ مِنۡهُ ٱثۡنَتَا عَشۡرَةَ عَيۡنٗاۖ قَدۡ عَلِمَ كُلُّ أُنَاسٖ مَّشۡرَبَهُمۡۖ كُلُواْ وَٱشۡرَبُواْ مِن رِّزۡقِ ٱللَّهِ وَلَا تَعۡثَوۡاْ فِي ٱلۡأَرۡضِ مُفۡسِدِينَ"
"73","2","278","يَٰٓأَيُّهَا ٱلَّذِينَ ءَامَنُواْ ٱتَّقُواْ ٱللَّهَ وَذَرُواْ مَا بَقِيَ مِنَ ٱلرِّبَوٰٓاْ إِن كُنتُم مُّؤۡمِنِينَ"
"74","2","61","وَإِذۡ قُلۡتُمۡ يَٰمُوسَىٰ لَن نَّصۡبِرَ عَلَىٰ طَعَامٖ وَٰحِدٖ فَٱدۡعُ لَنَا رَبَّكَ يُخۡرِجۡ لَنَا مِمَّا تُنۢبِتُ ٱلۡأَرۡضُ مِنۢ بَقۡلِهَا وَقِثَّآئِهَا وَفُومِهَا وَعَدَسِهَا وَبَصَلِهَاۖ قَالَ أَتَسۡتَبۡدِلُونَ ٱلَّذِي هُوَ أَدۡنَىٰ بِٱلَّذِي هُوَ خَيۡرٌۚ ٱهۡبِطُواْ مِصۡرٗا فَإِنَّ لَكُم مَّا سَأَلۡتُمۡۗ وَضُرِبَتۡ عَلَيۡهِمُ ٱلذِّلَّةُ وَٱلۡمَسۡكَنَةُ وَبَآءُو بِغَضَبٖ مِّنَ ٱللَّهِۚ ذَٰلِكَ بِأَنَّهُمۡ كَانُواْ يَكۡفُرُونَ بِـَٔايَٰتِ ٱللَّهِ وَيَقۡتُلُونَ ٱلنَّبِيِّـۧنَ بِغَيۡرِ ٱلۡحَقِّۚ ذَٰلِكَ بِمَا عَصَواْ وَّكَانُواْ يَعۡتَدُونَ"
"75","2","62","إِنَّ ٱلَّذِينَ ءَامَنُواْ وَٱلَّذِينَ هَادُواْ وَٱلنَّصَٰرَىٰ وَٱلصَّٰبِـِٔينَ مَنۡ ءَامَنَ بِٱللَّهِ وَٱلۡيَوۡمِ ٱلۡأٓخِرِ وَعَمِلَ صَٰلِحٗا فَلَهُمۡ أَجۡرُهُمۡ عِندَ رَبِّهِمۡ وَلَا خَوۡفٌ عَلَيۡهِمۡ وَلَا هُمۡ يَحۡزَنُونَ"
"76","2","63","وَإِذۡ أَخَذۡنَا مِيثَٰقَكُمۡ وَرَفَعۡنَا فَوۡقَكُمُ ٱلطُّورَ خُذُواْ مَآ ءَاتَيۡنَٰكُم بِقُوَّةٖ وَٱذۡكُرُواْ مَا فِيهِ لَعَلَّكُمۡ تَتَّقُونَ"
"77","2","64","ثُمَّ تَوَلَّيۡتُم مِّنۢ بَعۡدِ ذَٰلِكَۖ فَلَوۡلَا فَضۡلُ ٱللَّهِ عَلَيۡكُمۡ وَرَحۡمَتُهُۥ لَكُنتُم مِّنَ ٱلۡخَٰسِرِينَ"
"78","2","65","وَلَقَدۡ عَلِمۡتُمُ ٱلَّذِينَ ٱعۡتَدَوۡاْ مِنكُمۡ فِي ٱلسَّبۡتِ فَقُلۡنَا لَهُمۡ كُونُواْ قِرَدَةً خَٰسِـِٔينَ"
"79","2","66","فَجَعَلۡنَٰهَا نَكَٰلٗا لِّمَا بَيۡنَ يَدَيۡهَا وَمَا خَلۡفَهَا وَمَوۡعِظَةٗ لِّلۡمُتَّقِينَ"
"80","2","67","وَإِذۡ قَالَ مُوسَىٰ لِقَوۡمِهِۦٓ إِنَّ ٱللَّهَ يَأۡمُرُكُمۡ أَن تَذۡبَحُواْ بَقَرَةٗۖ قَالُوٓاْ أَتَتَّخِذُنَا هُزُوٗاۖ قَالَ أَعُوذُ بِٱللَّهِ أَنۡ أَكُونَ مِنَ ٱلۡجَٰهِلِينَ"
"81","2","68","قَالُواْ ٱدۡعُ لَنَا رَبَّكَ يُبَيِّن لَّنَا مَا هِيَۚ قَالَ إِنَّهُۥ يَقُولُ إِنَّهَا بَقَرَةٞ لَّا فَارِضٞ وَلَا بِكۡرٌ عَوَانُۢ بَيۡنَ ذَٰلِكَۖ فَٱفۡعَلُواْ مَا تُؤۡمَرُونَ"
"82","2","69","قَالُواْ ٱدۡعُ لَنَا رَبَّكَ يُبَيِّن لَّنَا مَا لَوۡنُهَاۚ قَالَ إِنَّهُۥ يَقُولُ إِنَّهَا بَقَرَةٞ صَفۡرَآءُ فَاقِعٞ لَّوۡنُهَا تَسُرُّ ٱلنَّٰظِرِينَ"
"83","2","70","قَالُواْ ٱدۡعُ لَنَا رَبَّكَ يُبَيِّن لَّنَا مَا هِيَ إِنَّ ٱلۡبَقَرَ تَشَٰبَهَ عَلَيۡنَا وَإِنَّآ إِن شَآءَ ٱللَّهُ لَمُهۡتَدُونَ"
"84","2","112","بَلَىٰۚ مَنۡ أَسۡلَمَ وَجۡهَهُۥ لِلَّهِ وَهُوَ مُحۡسِنٞ فَلَهُۥٓ أَجۡرُهُۥ عِندَ رَبِّهِۦ وَلَا خَوۡفٌ عَلَيۡهِمۡ وَلَا هُمۡ يَحۡزَنُونَ"
"85","2","71","قَالَ إِنَّهُۥ يَقُولُ إِنَّهَا بَقَرَةٞ لَّا ذَلُولٞ تُثِيرُ ٱلۡأَرۡضَ وَلَا تَسۡقِي ٱلۡحَرۡثَ مُسَلَّمَةٞ لَّا شِيَةَ فِيهَاۚ قَالُواْ ٱلۡـَٰٔنَ جِئۡتَ بِٱلۡحَقِّۚ فَذَبَحُوهَا وَمَا كَادُواْ يَفۡعَلُونَ"
"86","2","72","وَإِذۡ قَتَلۡتُمۡ نَفۡسٗا فَٱدَّٰرَٰٔتُمۡ فِيهَاۖ وَٱللَّهُ مُخۡرِجٞ مَّا كُنتُمۡ تَكۡتُمُونَ"
"87","2","73","فَقُلۡنَا ٱضۡرِبُوهُ بِبَعۡضِهَاۚ كَذَٰلِكَ يُحۡيِ ٱللَّهُ ٱلۡمَوۡتَىٰ وَيُرِيكُمۡ ءَايَٰتِهِۦ لَعَلَّكُمۡ تَعۡقِلُونَ"
"88","2","74","ثُمَّ قَسَتۡ قُلُوبُكُم مِّنۢ بَعۡدِ ذَٰلِكَ فَهِيَ كَٱلۡحِجَارَةِ أَوۡ أَشَدُّ قَسۡوَةٗۚ وَإِنَّ مِنَ ٱلۡحِجَارَةِ لَمَا يَتَفَجَّرُ مِنۡهُ ٱلۡأَنۡهَٰرُۚ وَإِنَّ مِنۡهَا لَمَا يَشَّقَّقُ فَيَخۡرُجُ مِنۡهُ ٱلۡمَآءُۚ وَإِنَّ مِنۡهَا لَمَا يَهۡبِطُ مِنۡ خَشۡيَةِ ٱللَّهِۗ وَمَا ٱللَّهُ بِغَٰفِلٍ عَمَّا تَعۡمَلُونَ"
"89","2","75","۞أَفَتَطۡمَعُونَ أَن يُؤۡمِنُواْ لَكُمۡ وَقَدۡ كَانَ فَرِيقٞ مِّنۡهُمۡ يَسۡمَعُونَ كَلَٰمَ ٱللَّهِ ثُمَّ يُحَرِّفُونَهُۥ مِنۢ بَعۡدِ مَا عَقَلُوهُ وَهُمۡ يَعۡلَمُونَ"
"90","2","76","وَإِذَا لَقُواْ ٱلَّذِينَ ءَامَنُواْ قَالُوٓاْ ءَامَنَّا وَإِذَا خَلَا بَعۡضُهُمۡ إِلَىٰ بَعۡضٖ قَالُوٓاْ أَتُحَدِّثُونَهُم بِمَا فَتَحَ ٱللَّهُ عَلَيۡكُمۡ لِيُحَآجُّوكُم بِهِۦ عِندَ رَبِّكُمۡۚ أَفَلَا تَعۡقِلُونَ"
"91","2","77","أَوَلَا يَعۡلَمُونَ أَنَّ ٱللَّهَ يَعۡلَمُ مَا يُسِرُّونَ وَمَا يُعۡلِنُونَ"
"92","2","78","وَمِنۡهُمۡ أُمِّيُّونَ لَا يَعۡلَمُونَ ٱلۡكِتَٰبَ إِلَّآ أَمَانِيَّ وَإِنۡ هُمۡ إِلَّا يَظُنُّونَ"
"93","2","79","فَوَيۡلٞ لِّلَّذِينَ يَكۡتُبُونَ ٱلۡكِتَٰبَ بِأَيۡدِيهِمۡ ثُمَّ يَقُولُونَ هَٰذَا مِنۡ عِندِ ٱللَّهِ لِيَشۡتَرُواْ بِهِۦ ثَمَنٗا قَلِيلٗاۖ فَوَيۡلٞ لَّهُم مِّمَّا كَتَبَتۡ أَيۡدِيهِمۡ وَوَيۡلٞ لَّهُم مِّمَّا يَكۡسِبُونَ"
"94","2","80","وَقَالُواْ لَن تَمَسَّنَا ٱلنَّارُ إِلَّآ أَيَّامٗا مَّعۡدُودَةٗۚ قُلۡ أَتَّخَذۡتُمۡ عِندَ ٱللَّهِ عَهۡدٗا فَلَن يُخۡلِفَ ٱللَّهُ عَهۡدَهُۥٓۖ أَمۡ تَقُولُونَ عَلَى ٱللَّهِ مَا لَا تَعۡلَمُونَ"
"95","2","81","بَلَىٰۚ مَن كَسَبَ سَيِّئَةٗ وَأَحَٰطَتۡ بِهِۦ خَطِيٓـَٔتُهُۥ فَأُوْلَٰٓئِكَ أَصۡحَٰبُ ٱلنَّارِۖ هُمۡ فِيهَا خَٰلِدُونَ"
"96","2","82","وَٱلَّذِينَ ءَامَنُواْ وَعَمِلُواْ ٱلصَّٰلِحَٰتِ أُوْلَٰٓئِكَ أَصۡحَٰبُ ٱلۡجَنَّةِۖ هُمۡ فِيهَا خَٰلِدُونَ"
"97","2","83","وَإِذۡ أَخَذۡنَا مِيثَٰقَ بَنِيٓ إِسۡرَٰٓءِيلَ لَا تَعۡبُدُونَ إِلَّا ٱللَّهَ وَبِٱلۡوَٰلِدَيۡنِ إِحۡسَانٗا وَذِي ٱلۡقُرۡبَىٰ وَٱلۡيَتَٰمَىٰ وَٱلۡمَسَٰكِينِ وَقُولُواْ لِلنَّاسِ حُسۡنٗا وَأَقِيمُواْ ٱلصَّلَوٰةَ وَءَاتُواْ ٱلزَّكَوٰةَ ثُمَّ تَوَلَّيۡتُمۡ إِلَّا قَلِيلٗا مِّنكُمۡ وَأَنتُم مُّعۡرِضُونَ"
"98","2","84","وَإِذۡ أَخَذۡنَا مِيثَٰقَكُمۡ لَا تَسۡفِكُونَ دِمَآءَكُمۡ وَلَا تُخۡرِجُونَ أَنفُسَكُم مِّن دِيَٰرِكُمۡ ثُمَّ أَقۡرَرۡتُمۡ وَأَنتُمۡ تَشۡهَدُونَ"
"99","2","85","ثُمَّ أَنتُمۡ هَٰٓؤُلَآءِ تَقۡتُلُونَ أَنفُسَكُمۡ وَتُخۡرِجُونَ فَرِيقٗا مِّنكُم مِّن دِيَٰرِهِمۡ تَظَٰهَرُونَ عَلَيۡهِم بِٱلۡإِثۡمِ وَٱلۡعُدۡوَٰنِ وَإِن يَأۡتُوكُمۡ أُسَٰرَىٰ تُفَٰدُوهُمۡ وَهُوَ مُحَرَّمٌ عَلَيۡكُمۡ إِخۡرَاجُهُمۡۚ أَفَتُؤۡمِنُونَ بِبَعۡضِ ٱلۡكِتَٰبِ وَتَكۡفُرُونَ بِبَعۡضٖۚ فَمَا جَزَآءُ مَن يَفۡعَلُ ذَٰلِكَ مِنكُمۡ إِلَّا خِزۡيٞ فِي ٱلۡحَيَوٰةِ ٱلدُّنۡيَاۖ وَيَوۡمَ ٱلۡقِيَٰمَةِ يُرَدُّونَ إِلَىٰٓ أَشَدِّ ٱلۡعَذَابِۗ وَمَا ٱللَّهُ بِغَٰفِلٍ عَمَّا تَعۡمَلُونَ"
"100","2","86","أُوْلَٰٓئِكَ ٱلَّذِينَ ٱشۡتَرَوُاْ ٱلۡحَيَوٰةَ ٱلدُّنۡيَا بِٱلۡأٓخِرَةِۖ فَلَا يُخَفَّفُ عَنۡهُمُ ٱلۡعَذَابُ وَلَا هُمۡ يُنصَرُونَ"
